image_id,label
cartridge-fuse001,cartridge-fuse
cartridge-fuse002,cartridge-fuse
cartridge-fuse003,cartridge-fuse
cartridge-fuse004,cartridge-fuse
cartridge-fuse005,cartridge-fuse
cartridge-fuse006,cartridge-fuse
cartridge-fuse007,cartridge-fuse
cartridge-fuse008,cartridge-fuse
cartridge-fuse009,cartridge-fuse
cartridge-fuse010,cartridge-fuse
cartridge-fuse011,cartridge-fuse
cartridge-fuse012,cartridge-fuse
cartridge-fuse013,cartridge-fuse
cartridge-fuse014,cartridge-fuse
cartridge-fuse015,cartridge-fuse
cartridge-fuse016,cartridge-fuse
cartridge-fuse017,cartridge-fuse
cartridge-fuse018,cartridge-fuse
cartridge-fuse019,cartridge-fuse
cartridge-fuse020,cartridge-fuse
cartridge-fuse021,cartridge-fuse
cartridge-fuse022,cartridge-fuse
cartridge-fuse023,cartridge-fuse
cartridge-fuse024,cartridge-fuse
cartridge-fuse025,cartridge-fuse
cartridge-fuse026,cartridge-fuse
cartridge-fuse027,cartridge-fuse
cartridge-fuse028,cartridge-fuse
cartridge-fuse029,cartridge-fuse
cartridge-fuse030,cartridge-fuse
cartridge-fuse031,cartridge-fuse
cartridge-fuse032,cartridge-fuse
cartridge-fuse033,cartridge-fuse
cartridge-fuse034,cartridge-fuse
cartridge-fuse035,cartridge-fuse
cartridge-fuse036,cartridge-fuse
cartridge-fuse037,cartridge-fuse
cartridge-fuse038,cartridge-fuse
cartridge-fuse039,cartridge-fuse
cartridge-fuse040,cartridge-fuse
cartridge-fuse041,cartridge-fuse
cartridge-fuse042,cartridge-fuse
cartridge-fuse043,cartridge-fuse
cartridge-fuse044,cartridge-fuse
cartridge-fuse045,cartridge-fuse
cartridge-fuse046,cartridge-fuse
cartridge-fuse047,cartridge-fuse
cartridge-fuse048,cartridge-fuse
cartridge-fuse049,cartridge-fuse
cartridge-fuse050,cartridge-fuse
cartridge-fuse051,cartridge-fuse
cartridge-fuse052,cartridge-fuse
cartridge-fuse053,cartridge-fuse
cartridge-fuse054,cartridge-fuse
cartridge-fuse055,cartridge-fuse
cartridge-fuse056,cartridge-fuse
cartridge-fuse057,cartridge-fuse
cartridge-fuse058,cartridge-fuse
cartridge-fuse059,cartridge-fuse
cartridge-fuse060,cartridge-fuse
cartridge-fuse061,cartridge-fuse
cartridge-fuse062,cartridge-fuse
cartridge-fuse063,cartridge-fuse
cartridge-fuse064,cartridge-fuse
cartridge-fuse065,cartridge-fuse
cartridge-fuse066,cartridge-fuse
cartridge-fuse067,cartridge-fuse
cartridge-fuse068,cartridge-fuse
cartridge-fuse069,cartridge-fuse
cartridge-fuse070,cartridge-fuse
cartridge-fuse071,cartridge-fuse
cartridge-fuse072,cartridge-fuse
cartridge-fuse073,cartridge-fuse
cartridge-fuse074,cartridge-fuse
cartridge-fuse075,cartridge-fuse
cartridge-fuse076,cartridge-fuse
cartridge-fuse077,cartridge-fuse
cartridge-fuse078,cartridge-fuse
cartridge-fuse079,cartridge-fuse
cartridge-fuse080,cartridge-fuse
cartridge-fuse081,cartridge-fuse
cartridge-fuse082,cartridge-fuse
cartridge-fuse083,cartridge-fuse
cartridge-fuse084,cartridge-fuse
cartridge-fuse085,cartridge-fuse
cartridge-fuse086,cartridge-fuse
cartridge-fuse087,cartridge-fuse
cartridge-fuse088,cartridge-fuse
cartridge-fuse089,cartridge-fuse
cartridge-fuse090,cartridge-fuse
cartridge-fuse091,cartridge-fuse
cartridge-fuse092,cartridge-fuse
cartridge-fuse093,cartridge-fuse
cartridge-fuse094,cartridge-fuse
cartridge-fuse095,cartridge-fuse
cartridge-fuse096,cartridge-fuse
cartridge-fuse097,cartridge-fuse
cartridge-fuse098,cartridge-fuse
cartridge-fuse099,cartridge-fuse
cartridge-fuse100,cartridge-fuse
cartridge-fuse101,cartridge-fuse
cartridge-fuse102,cartridge-fuse
cartridge-fuse103,cartridge-fuse
cartridge-fuse104,cartridge-fuse
cartridge-fuse105,cartridge-fuse
cartridge-fuse106,cartridge-fuse
cartridge-fuse107,cartridge-fuse
cartridge-fuse108,cartridge-fuse
cartridge-fuse109,cartridge-fuse
cartridge-fuse110,cartridge-fuse
cartridge-fuse111,cartridge-fuse
cartridge-fuse112,cartridge-fuse
cartridge-fuse113,cartridge-fuse
cartridge-fuse114,cartridge-fuse
cartridge-fuse115,cartridge-fuse
cartridge-fuse116,cartridge-fuse
cartridge-fuse117,cartridge-fuse
cartridge-fuse118,cartridge-fuse
cartridge-fuse119,cartridge-fuse
cartridge-fuse120,cartridge-fuse
cartridge-fuse121,cartridge-fuse
cartridge-fuse122,cartridge-fuse
cartridge-fuse123,cartridge-fuse
cartridge-fuse124,cartridge-fuse
cartridge-fuse125,cartridge-fuse
cartridge-fuse126,cartridge-fuse
cartridge-fuse127,cartridge-fuse
cartridge-fuse128,cartridge-fuse
cartridge-fuse129,cartridge-fuse
cartridge-fuse130,cartridge-fuse
cartridge-fuse131,cartridge-fuse
cartridge-fuse132,cartridge-fuse
cartridge-fuse133,cartridge-fuse
cartridge-fuse134,cartridge-fuse
cartridge-fuse135,cartridge-fuse
cartridge-fuse136,cartridge-fuse
cartridge-fuse137,cartridge-fuse
cartridge-fuse138,cartridge-fuse
cartridge-fuse139,cartridge-fuse
cartridge-fuse140,cartridge-fuse
cartridge-fuse141,cartridge-fuse
cartridge-fuse142,cartridge-fuse
cartridge-fuse143,cartridge-fuse
cartridge-fuse144,cartridge-fuse
cartridge-fuse145,cartridge-fuse
cartridge-fuse146,cartridge-fuse
cartridge-fuse147,cartridge-fuse
cartridge-fuse148,cartridge-fuse
cartridge-fuse149,cartridge-fuse
cartridge-fuse150,cartridge-fuse
cartridge-fuse151,cartridge-fuse
cartridge-fuse152,cartridge-fuse
cartridge-fuse153,cartridge-fuse
cartridge-fuse154,cartridge-fuse
cartridge-fuse155,cartridge-fuse
cartridge-fuse156,cartridge-fuse
cartridge-fuse157,cartridge-fuse
cartridge-fuse158,cartridge-fuse
cartridge-fuse159,cartridge-fuse
cartridge-fuse160,cartridge-fuse
cartridge-fuse161,cartridge-fuse
cartridge-fuse162,cartridge-fuse
cartridge-fuse163,cartridge-fuse
cartridge-fuse164,cartridge-fuse
cartridge-fuse165,cartridge-fuse
cartridge-fuse166,cartridge-fuse
cartridge-fuse167,cartridge-fuse
cartridge-fuse168,cartridge-fuse
cartridge-fuse169,cartridge-fuse
cartridge-fuse170,cartridge-fuse
cartridge-fuse171,cartridge-fuse
cartridge-fuse172,cartridge-fuse
cartridge-fuse173,cartridge-fuse
cartridge-fuse174,cartridge-fuse
cartridge-fuse175,cartridge-fuse
cartridge-fuse176,cartridge-fuse
cartridge-fuse177,cartridge-fuse
cartridge-fuse178,cartridge-fuse
cartridge-fuse179,cartridge-fuse
cartridge-fuse180,cartridge-fuse
cartridge-fuse181,cartridge-fuse
cartridge-fuse182,cartridge-fuse
cartridge-fuse183,cartridge-fuse
cartridge-fuse184,cartridge-fuse
cartridge-fuse185,cartridge-fuse
cartridge-fuse186,cartridge-fuse
cartridge-fuse187,cartridge-fuse
cartridge-fuse188,cartridge-fuse
cartridge-fuse189,cartridge-fuse
cartridge-fuse190,cartridge-fuse
cartridge-fuse191,cartridge-fuse
cartridge-fuse192,cartridge-fuse
cartridge-fuse193,cartridge-fuse
cartridge-fuse194,cartridge-fuse
cartridge-fuse195,cartridge-fuse
cartridge-fuse196,cartridge-fuse
cartridge-fuse197,cartridge-fuse
cartridge-fuse198,cartridge-fuse
cartridge-fuse199,cartridge-fuse
cartridge-fuse200,cartridge-fuse
cartridge-fuse201,cartridge-fuse
cartridge-fuse202,cartridge-fuse
cartridge-fuse203,cartridge-fuse
cartridge-fuse204,cartridge-fuse
cartridge-fuse205,cartridge-fuse
cartridge-fuse206,cartridge-fuse
cartridge-fuse207,cartridge-fuse
cartridge-fuse208,cartridge-fuse
cartridge-fuse209,cartridge-fuse
cartridge-fuse210,cartridge-fuse
cartridge-fuse211,cartridge-fuse
cartridge-fuse212,cartridge-fuse
cartridge-fuse213,cartridge-fuse
cartridge-fuse214,cartridge-fuse
cartridge-fuse215,cartridge-fuse
cartridge-fuse216,cartridge-fuse
cartridge-fuse217,cartridge-fuse
cartridge-fuse218,cartridge-fuse
cartridge-fuse219,cartridge-fuse
cartridge-fuse220,cartridge-fuse
cartridge-fuse221,cartridge-fuse
cartridge-fuse222,cartridge-fuse
cartridge-fuse223,cartridge-fuse
cartridge-fuse224,cartridge-fuse
cartridge-fuse225,cartridge-fuse
Electrolytic-capacitor001,Electrolytic-capacitor
Electrolytic-capacitor002,Electrolytic-capacitor
Electrolytic-capacitor003,Electrolytic-capacitor
Electrolytic-capacitor004,Electrolytic-capacitor
Electrolytic-capacitor005,Electrolytic-capacitor
Electrolytic-capacitor006,Electrolytic-capacitor
Electrolytic-capacitor007,Electrolytic-capacitor
Electrolytic-capacitor008,Electrolytic-capacitor
Electrolytic-capacitor009,Electrolytic-capacitor
Electrolytic-capacitor010,Electrolytic-capacitor
Electrolytic-capacitor011,Electrolytic-capacitor
Electrolytic-capacitor012,Electrolytic-capacitor
Electrolytic-capacitor013,Electrolytic-capacitor
Electrolytic-capacitor014,Electrolytic-capacitor
Electrolytic-capacitor015,Electrolytic-capacitor
Electrolytic-capacitor016,Electrolytic-capacitor
Electrolytic-capacitor017,Electrolytic-capacitor
Electrolytic-capacitor018,Electrolytic-capacitor
Electrolytic-capacitor019,Electrolytic-capacitor
Electrolytic-capacitor020,Electrolytic-capacitor
Electrolytic-capacitor021,Electrolytic-capacitor
Electrolytic-capacitor022,Electrolytic-capacitor
Electrolytic-capacitor023,Electrolytic-capacitor
Electrolytic-capacitor024,Electrolytic-capacitor
Electrolytic-capacitor025,Electrolytic-capacitor
Electrolytic-capacitor026,Electrolytic-capacitor
Electrolytic-capacitor027,Electrolytic-capacitor
Electrolytic-capacitor028,Electrolytic-capacitor
Electrolytic-capacitor029,Electrolytic-capacitor
Electrolytic-capacitor030,Electrolytic-capacitor
Electrolytic-capacitor031,Electrolytic-capacitor
Electrolytic-capacitor032,Electrolytic-capacitor
Electrolytic-capacitor033,Electrolytic-capacitor
Electrolytic-capacitor034,Electrolytic-capacitor
Electrolytic-capacitor035,Electrolytic-capacitor
Electrolytic-capacitor036,Electrolytic-capacitor
Electrolytic-capacitor037,Electrolytic-capacitor
Electrolytic-capacitor038,Electrolytic-capacitor
Electrolytic-capacitor039,Electrolytic-capacitor
Electrolytic-capacitor040,Electrolytic-capacitor
Electrolytic-capacitor091,Electrolytic-capacitor
Electrolytic-capacitor092,Electrolytic-capacitor
Electrolytic-capacitor093,Electrolytic-capacitor
Electrolytic-capacitor094,Electrolytic-capacitor
Electrolytic-capacitor095,Electrolytic-capacitor
Electrolytic-capacitor096,Electrolytic-capacitor
Electrolytic-capacitor097,Electrolytic-capacitor
Electrolytic-capacitor098,Electrolytic-capacitor
Electrolytic-capacitor099,Electrolytic-capacitor
Electrolytic-capacitor100,Electrolytic-capacitor
Electrolytic-capacitor1061,Electrolytic-capacitor
Electrolytic-capacitor1062,Electrolytic-capacitor
Electrolytic-capacitor1063,Electrolytic-capacitor
Electrolytic-capacitor1064,Electrolytic-capacitor
Electrolytic-capacitor1065,Electrolytic-capacitor
Electrolytic-capacitor1066,Electrolytic-capacitor
Electrolytic-capacitor1067,Electrolytic-capacitor
Electrolytic-capacitor1068,Electrolytic-capacitor
Electrolytic-capacitor1069,Electrolytic-capacitor
Electrolytic-capacitor1070,Electrolytic-capacitor
Electrolytic-capacitor1111,Electrolytic-capacitor
Electrolytic-capacitor1112,Electrolytic-capacitor
Electrolytic-capacitor1113,Electrolytic-capacitor
Electrolytic-capacitor1114,Electrolytic-capacitor
Electrolytic-capacitor1115,Electrolytic-capacitor
Electrolytic-capacitor1116,Electrolytic-capacitor
Electrolytic-capacitor1117,Electrolytic-capacitor
Electrolytic-capacitor1118,Electrolytic-capacitor
Electrolytic-capacitor1119,Electrolytic-capacitor
Electrolytic-capacitor1120,Electrolytic-capacitor
Electrolytic-capacitor1121,Electrolytic-capacitor
Electrolytic-capacitor1122,Electrolytic-capacitor
Electrolytic-capacitor1123,Electrolytic-capacitor
Electrolytic-capacitor1124,Electrolytic-capacitor
Electrolytic-capacitor1125,Electrolytic-capacitor
Electrolytic-capacitor1126,Electrolytic-capacitor
Electrolytic-capacitor1127,Electrolytic-capacitor
Electrolytic-capacitor1128,Electrolytic-capacitor
Electrolytic-capacitor1129,Electrolytic-capacitor
Electrolytic-capacitor1130,Electrolytic-capacitor
Electrolytic-capacitor1131,Electrolytic-capacitor
Electrolytic-capacitor1132,Electrolytic-capacitor
Electrolytic-capacitor1133,Electrolytic-capacitor
Electrolytic-capacitor1134,Electrolytic-capacitor
Electrolytic-capacitor1135,Electrolytic-capacitor
Electrolytic-capacitor1136,Electrolytic-capacitor
Electrolytic-capacitor1137,Electrolytic-capacitor
Electrolytic-capacitor1138,Electrolytic-capacitor
Electrolytic-capacitor1139,Electrolytic-capacitor
Electrolytic-capacitor1140,Electrolytic-capacitor
Electrolytic-capacitor1141,Electrolytic-capacitor
Electrolytic-capacitor1142,Electrolytic-capacitor
Electrolytic-capacitor1143,Electrolytic-capacitor
Electrolytic-capacitor1144,Electrolytic-capacitor
Electrolytic-capacitor1145,Electrolytic-capacitor
Electrolytic-capacitor1146,Electrolytic-capacitor
Electrolytic-capacitor1147,Electrolytic-capacitor
Electrolytic-capacitor1148,Electrolytic-capacitor
Electrolytic-capacitor1149,Electrolytic-capacitor
Electrolytic-capacitor1150,Electrolytic-capacitor
Electrolytic-capacitor1151,Electrolytic-capacitor
Electrolytic-capacitor1152,Electrolytic-capacitor
Electrolytic-capacitor1153,Electrolytic-capacitor
Electrolytic-capacitor1154,Electrolytic-capacitor
Electrolytic-capacitor1155,Electrolytic-capacitor
Electrolytic-capacitor1156,Electrolytic-capacitor
Electrolytic-capacitor1157,Electrolytic-capacitor
Electrolytic-capacitor1158,Electrolytic-capacitor
Electrolytic-capacitor1159,Electrolytic-capacitor
Electrolytic-capacitor1160,Electrolytic-capacitor
Electrolytic-capacitor1161,Electrolytic-capacitor
Electrolytic-capacitor1162,Electrolytic-capacitor
Electrolytic-capacitor1163,Electrolytic-capacitor
Electrolytic-capacitor1164,Electrolytic-capacitor
Electrolytic-capacitor1165,Electrolytic-capacitor
Electrolytic-capacitor1166,Electrolytic-capacitor
Electrolytic-capacitor1167,Electrolytic-capacitor
Electrolytic-capacitor1168,Electrolytic-capacitor
Electrolytic-capacitor1169,Electrolytic-capacitor
Electrolytic-capacitor1170,Electrolytic-capacitor
Electrolytic-capacitor1213,Electrolytic-capacitor
Electrolytic-capacitor1214,Electrolytic-capacitor
Electrolytic-capacitor1216,Electrolytic-capacitor
Electrolytic-capacitor1217,Electrolytic-capacitor
Electrolytic-capacitor1218,Electrolytic-capacitor
Electrolytic-capacitor1219,Electrolytic-capacitor
Electrolytic-capacitor1220,Electrolytic-capacitor
Electrolytic-capacitor1221,Electrolytic-capacitor
Electrolytic-capacitor1222,Electrolytic-capacitor
Electrolytic-capacitor1223,Electrolytic-capacitor
Electrolytic-capacitor1224,Electrolytic-capacitor
Electrolytic-capacitor1225,Electrolytic-capacitor
Electrolytic-capacitor1226,Electrolytic-capacitor
Electrolytic-capacitor1227,Electrolytic-capacitor
Electrolytic-capacitor1228,Electrolytic-capacitor
Electrolytic-capacitor1229,Electrolytic-capacitor
Electrolytic-capacitor1230,Electrolytic-capacitor
Electrolytic-capacitor1231,Electrolytic-capacitor
Electrolytic-capacitor1232,Electrolytic-capacitor
Electrolytic-capacitor1233,Electrolytic-capacitor
Electrolytic-capacitor1234,Electrolytic-capacitor
Electrolytic-capacitor1235,Electrolytic-capacitor
Electrolytic-capacitor1236,Electrolytic-capacitor
Electrolytic-capacitor191,Electrolytic-capacitor
Electrolytic-capacitor192,Electrolytic-capacitor
Electrolytic-capacitor193,Electrolytic-capacitor
Electrolytic-capacitor194,Electrolytic-capacitor
Electrolytic-capacitor195,Electrolytic-capacitor
Electrolytic-capacitor196,Electrolytic-capacitor
Electrolytic-capacitor197,Electrolytic-capacitor
Electrolytic-capacitor198,Electrolytic-capacitor
Electrolytic-capacitor199,Electrolytic-capacitor
Electrolytic-capacitor200,Electrolytic-capacitor
Electrolytic-capacitor201,Electrolytic-capacitor
Electrolytic-capacitor202,Electrolytic-capacitor
Electrolytic-capacitor203,Electrolytic-capacitor
Electrolytic-capacitor204,Electrolytic-capacitor
Electrolytic-capacitor205,Electrolytic-capacitor
Electrolytic-capacitor206,Electrolytic-capacitor
Electrolytic-capacitor207,Electrolytic-capacitor
Electrolytic-capacitor208,Electrolytic-capacitor
Electrolytic-capacitor209,Electrolytic-capacitor
Electrolytic-capacitor210,Electrolytic-capacitor
Electrolytic-capacitor211,Electrolytic-capacitor
Electrolytic-capacitor212,Electrolytic-capacitor
Electrolytic-capacitor213,Electrolytic-capacitor
Electrolytic-capacitor214,Electrolytic-capacitor
Electrolytic-capacitor215,Electrolytic-capacitor
Electrolytic-capacitor216,Electrolytic-capacitor
Electrolytic-capacitor217,Electrolytic-capacitor
Electrolytic-capacitor218,Electrolytic-capacitor
Electrolytic-capacitor219,Electrolytic-capacitor
Electrolytic-capacitor220,Electrolytic-capacitor
Electrolytic-capacitor221,Electrolytic-capacitor
Electrolytic-capacitor222,Electrolytic-capacitor
Electrolytic-capacitor223,Electrolytic-capacitor
Electrolytic-capacitor224,Electrolytic-capacitor
Electrolytic-capacitor225,Electrolytic-capacitor
Electrolytic-capacitor226,Electrolytic-capacitor
Electrolytic-capacitor227,Electrolytic-capacitor
Electrolytic-capacitor228,Electrolytic-capacitor
Electrolytic-capacitor229,Electrolytic-capacitor
Electrolytic-capacitor230,Electrolytic-capacitor
Electrolytic-capacitor261,Electrolytic-capacitor
Electrolytic-capacitor262,Electrolytic-capacitor
Electrolytic-capacitor263,Electrolytic-capacitor
Electrolytic-capacitor264,Electrolytic-capacitor
Electrolytic-capacitor265,Electrolytic-capacitor
Electrolytic-capacitor266,Electrolytic-capacitor
Electrolytic-capacitor267,Electrolytic-capacitor
Electrolytic-capacitor268,Electrolytic-capacitor
Electrolytic-capacitor269,Electrolytic-capacitor
Electrolytic-capacitor270,Electrolytic-capacitor
Electrolytic-capacitor271,Electrolytic-capacitor
Electrolytic-capacitor272,Electrolytic-capacitor
Electrolytic-capacitor273,Electrolytic-capacitor
Electrolytic-capacitor274,Electrolytic-capacitor
Electrolytic-capacitor275,Electrolytic-capacitor
Electrolytic-capacitor276,Electrolytic-capacitor
Electrolytic-capacitor277,Electrolytic-capacitor
Electrolytic-capacitor278,Electrolytic-capacitor
Electrolytic-capacitor279,Electrolytic-capacitor
Electrolytic-capacitor280,Electrolytic-capacitor
Electrolytic-capacitor281,Electrolytic-capacitor
Electrolytic-capacitor282,Electrolytic-capacitor
Electrolytic-capacitor283,Electrolytic-capacitor
Electrolytic-capacitor284,Electrolytic-capacitor
Electrolytic-capacitor285,Electrolytic-capacitor
Electrolytic-capacitor286,Electrolytic-capacitor
Electrolytic-capacitor287,Electrolytic-capacitor
Electrolytic-capacitor288,Electrolytic-capacitor
Electrolytic-capacitor289,Electrolytic-capacitor
Electrolytic-capacitor290,Electrolytic-capacitor
Electrolytic-capacitor381,Electrolytic-capacitor
Electrolytic-capacitor382,Electrolytic-capacitor
Electrolytic-capacitor383,Electrolytic-capacitor
Electrolytic-capacitor384,Electrolytic-capacitor
Electrolytic-capacitor385,Electrolytic-capacitor
Electrolytic-capacitor386,Electrolytic-capacitor
Electrolytic-capacitor387,Electrolytic-capacitor
Electrolytic-capacitor388,Electrolytic-capacitor
Electrolytic-capacitor389,Electrolytic-capacitor
Electrolytic-capacitor390,Electrolytic-capacitor
Electrolytic-capacitor391,Electrolytic-capacitor
Electrolytic-capacitor392,Electrolytic-capacitor
Electrolytic-capacitor393,Electrolytic-capacitor
Electrolytic-capacitor394,Electrolytic-capacitor
Electrolytic-capacitor395,Electrolytic-capacitor
Electrolytic-capacitor396,Electrolytic-capacitor
Electrolytic-capacitor397,Electrolytic-capacitor
Electrolytic-capacitor398,Electrolytic-capacitor
Electrolytic-capacitor399,Electrolytic-capacitor
Electrolytic-capacitor400,Electrolytic-capacitor
Electrolytic-capacitor401,Electrolytic-capacitor
Electrolytic-capacitor402,Electrolytic-capacitor
Electrolytic-capacitor403,Electrolytic-capacitor
Electrolytic-capacitor404,Electrolytic-capacitor
Electrolytic-capacitor405,Electrolytic-capacitor
Electrolytic-capacitor406,Electrolytic-capacitor
Electrolytic-capacitor407,Electrolytic-capacitor
Electrolytic-capacitor408,Electrolytic-capacitor
Electrolytic-capacitor409,Electrolytic-capacitor
Electrolytic-capacitor410,Electrolytic-capacitor
Electrolytic-capacitor451,Electrolytic-capacitor
Electrolytic-capacitor452,Electrolytic-capacitor
Electrolytic-capacitor453,Electrolytic-capacitor
Electrolytic-capacitor454,Electrolytic-capacitor
Electrolytic-capacitor455,Electrolytic-capacitor
Electrolytic-capacitor456,Electrolytic-capacitor
Electrolytic-capacitor457,Electrolytic-capacitor
Electrolytic-capacitor458,Electrolytic-capacitor
Electrolytic-capacitor459,Electrolytic-capacitor
Electrolytic-capacitor460,Electrolytic-capacitor
Electrolytic-capacitor461,Electrolytic-capacitor
Electrolytic-capacitor462,Electrolytic-capacitor
Electrolytic-capacitor463,Electrolytic-capacitor
Electrolytic-capacitor464,Electrolytic-capacitor
Electrolytic-capacitor465,Electrolytic-capacitor
Electrolytic-capacitor466,Electrolytic-capacitor
Electrolytic-capacitor467,Electrolytic-capacitor
Electrolytic-capacitor468,Electrolytic-capacitor
Electrolytic-capacitor469,Electrolytic-capacitor
Electrolytic-capacitor470,Electrolytic-capacitor
Electrolytic-capacitor471,Electrolytic-capacitor
Electrolytic-capacitor472,Electrolytic-capacitor
Electrolytic-capacitor473,Electrolytic-capacitor
Electrolytic-capacitor474,Electrolytic-capacitor
Electrolytic-capacitor475,Electrolytic-capacitor
Electrolytic-capacitor476,Electrolytic-capacitor
Electrolytic-capacitor477,Electrolytic-capacitor
Electrolytic-capacitor478,Electrolytic-capacitor
Electrolytic-capacitor479,Electrolytic-capacitor
Electrolytic-capacitor480,Electrolytic-capacitor
Electrolytic-capacitor591,Electrolytic-capacitor
Electrolytic-capacitor592,Electrolytic-capacitor
Electrolytic-capacitor593,Electrolytic-capacitor
Electrolytic-capacitor594,Electrolytic-capacitor
Electrolytic-capacitor595,Electrolytic-capacitor
Electrolytic-capacitor596,Electrolytic-capacitor
Electrolytic-capacitor597,Electrolytic-capacitor
Electrolytic-capacitor598,Electrolytic-capacitor
Electrolytic-capacitor599,Electrolytic-capacitor
Electrolytic-capacitor600,Electrolytic-capacitor
Electrolytic-capacitor641,Electrolytic-capacitor
Electrolytic-capacitor642,Electrolytic-capacitor
Electrolytic-capacitor643,Electrolytic-capacitor
Electrolytic-capacitor644,Electrolytic-capacitor
Electrolytic-capacitor645,Electrolytic-capacitor
Electrolytic-capacitor646,Electrolytic-capacitor
Electrolytic-capacitor647,Electrolytic-capacitor
Electrolytic-capacitor648,Electrolytic-capacitor
Electrolytic-capacitor649,Electrolytic-capacitor
Electrolytic-capacitor650,Electrolytic-capacitor
Electrolytic-capacitor651,Electrolytic-capacitor
Electrolytic-capacitor652,Electrolytic-capacitor
Electrolytic-capacitor653,Electrolytic-capacitor
Electrolytic-capacitor654,Electrolytic-capacitor
Electrolytic-capacitor655,Electrolytic-capacitor
Electrolytic-capacitor656,Electrolytic-capacitor
Electrolytic-capacitor657,Electrolytic-capacitor
Electrolytic-capacitor658,Electrolytic-capacitor
Electrolytic-capacitor659,Electrolytic-capacitor
Electrolytic-capacitor660,Electrolytic-capacitor
Electrolytic-capacitor661,Electrolytic-capacitor
Electrolytic-capacitor662,Electrolytic-capacitor
Electrolytic-capacitor663,Electrolytic-capacitor
Electrolytic-capacitor664,Electrolytic-capacitor
Electrolytic-capacitor665,Electrolytic-capacitor
Electrolytic-capacitor666,Electrolytic-capacitor
Electrolytic-capacitor667,Electrolytic-capacitor
Electrolytic-capacitor668,Electrolytic-capacitor
Electrolytic-capacitor669,Electrolytic-capacitor
Electrolytic-capacitor670,Electrolytic-capacitor
Electrolytic-capacitor761,Electrolytic-capacitor
Electrolytic-capacitor762,Electrolytic-capacitor
Electrolytic-capacitor763,Electrolytic-capacitor
Electrolytic-capacitor764,Electrolytic-capacitor
Electrolytic-capacitor765,Electrolytic-capacitor
Electrolytic-capacitor766,Electrolytic-capacitor
Electrolytic-capacitor767,Electrolytic-capacitor
Electrolytic-capacitor768,Electrolytic-capacitor
Electrolytic-capacitor769,Electrolytic-capacitor
Electrolytic-capacitor770,Electrolytic-capacitor
Electrolytic-capacitor771,Electrolytic-capacitor
Electrolytic-capacitor772,Electrolytic-capacitor
Electrolytic-capacitor773,Electrolytic-capacitor
Electrolytic-capacitor774,Electrolytic-capacitor
Electrolytic-capacitor775,Electrolytic-capacitor
Electrolytic-capacitor776,Electrolytic-capacitor
Electrolytic-capacitor777,Electrolytic-capacitor
Electrolytic-capacitor778,Electrolytic-capacitor
Electrolytic-capacitor779,Electrolytic-capacitor
Electrolytic-capacitor780,Electrolytic-capacitor
Electrolytic-capacitor781,Electrolytic-capacitor
Electrolytic-capacitor782,Electrolytic-capacitor
Electrolytic-capacitor783,Electrolytic-capacitor
Electrolytic-capacitor784,Electrolytic-capacitor
Electrolytic-capacitor785,Electrolytic-capacitor
Electrolytic-capacitor786,Electrolytic-capacitor
Electrolytic-capacitor787,Electrolytic-capacitor
Electrolytic-capacitor788,Electrolytic-capacitor
Electrolytic-capacitor789,Electrolytic-capacitor
Electrolytic-capacitor790,Electrolytic-capacitor
Electrolytic-capacitor791,Electrolytic-capacitor
Electrolytic-capacitor792,Electrolytic-capacitor
Electrolytic-capacitor793,Electrolytic-capacitor
Electrolytic-capacitor794,Electrolytic-capacitor
Electrolytic-capacitor795,Electrolytic-capacitor
Electrolytic-capacitor796,Electrolytic-capacitor
Electrolytic-capacitor797,Electrolytic-capacitor
Electrolytic-capacitor798,Electrolytic-capacitor
Electrolytic-capacitor799,Electrolytic-capacitor
Electrolytic-capacitor800,Electrolytic-capacitor
Electrolytic-capacitor931,Electrolytic-capacitor
Electrolytic-capacitor932,Electrolytic-capacitor
Electrolytic-capacitor933,Electrolytic-capacitor
Electrolytic-capacitor934,Electrolytic-capacitor
Electrolytic-capacitor935,Electrolytic-capacitor
Electrolytic-capacitor936,Electrolytic-capacitor
Electrolytic-capacitor937,Electrolytic-capacitor
Electrolytic-capacitor938,Electrolytic-capacitor
Electrolytic-capacitor939,Electrolytic-capacitor
Electrolytic-capacitor940,Electrolytic-capacitor
Electrolytic-capacitor941,Electrolytic-capacitor
Electrolytic-capacitor942,Electrolytic-capacitor
Electrolytic-capacitor943,Electrolytic-capacitor
Electrolytic-capacitor944,Electrolytic-capacitor
Electrolytic-capacitor945,Electrolytic-capacitor
Electrolytic-capacitor946,Electrolytic-capacitor
Electrolytic-capacitor947,Electrolytic-capacitor
Electrolytic-capacitor948,Electrolytic-capacitor
Electrolytic-capacitor949,Electrolytic-capacitor
Electrolytic-capacitor950,Electrolytic-capacitor
Electrolytic-capacitor951,Electrolytic-capacitor
Electrolytic-capacitor952,Electrolytic-capacitor
Electrolytic-capacitor953,Electrolytic-capacitor
Electrolytic-capacitor954,Electrolytic-capacitor
Electrolytic-capacitor955,Electrolytic-capacitor
Electrolytic-capacitor956,Electrolytic-capacitor
Electrolytic-capacitor957,Electrolytic-capacitor
Electrolytic-capacitor958,Electrolytic-capacitor
Electrolytic-capacitor959,Electrolytic-capacitor
Electrolytic-capacitor960,Electrolytic-capacitor
Electrolytic-capacitor961,Electrolytic-capacitor
Electrolytic-capacitor962,Electrolytic-capacitor
Electrolytic-capacitor963,Electrolytic-capacitor
Electrolytic-capacitor964,Electrolytic-capacitor
Electrolytic-capacitor965,Electrolytic-capacitor
Electrolytic-capacitor966,Electrolytic-capacitor
Electrolytic-capacitor967,Electrolytic-capacitor
Electrolytic-capacitor968,Electrolytic-capacitor
Electrolytic-capacitor969,Electrolytic-capacitor
Electrolytic-capacitor970,Electrolytic-capacitor
Electrolytic-capacitor971,Electrolytic-capacitor
Electrolytic-capacitor972,Electrolytic-capacitor
Electrolytic-capacitor973,Electrolytic-capacitor
Electrolytic-capacitor974,Electrolytic-capacitor
Electrolytic-capacitor975,Electrolytic-capacitor
Electrolytic-capacitor976,Electrolytic-capacitor
Electrolytic-capacitor977,Electrolytic-capacitor
Electrolytic-capacitor978,Electrolytic-capacitor
Electrolytic-capacitor979,Electrolytic-capacitor
Electrolytic-capacitor980,Electrolytic-capacitor
induction-coil001,induction-coil
induction-coil002,induction-coil
induction-coil003,induction-coil
induction-coil004,induction-coil
induction-coil005,induction-coil
induction-coil006,induction-coil
induction-coil007,induction-coil
induction-coil008,induction-coil
induction-coil009,induction-coil
induction-coil010,induction-coil
induction-coil011,induction-coil
induction-coil012,induction-coil
induction-coil013,induction-coil
induction-coil014,induction-coil
induction-coil015,induction-coil
induction-coil016,induction-coil
induction-coil017,induction-coil
induction-coil018,induction-coil
induction-coil019,induction-coil
induction-coil020,induction-coil
induction-coil021,induction-coil
induction-coil022,induction-coil
induction-coil023,induction-coil
induction-coil024,induction-coil
induction-coil025,induction-coil
induction-coil026,induction-coil
induction-coil027,induction-coil
induction-coil028,induction-coil
induction-coil029,induction-coil
induction-coil030,induction-coil
induction-coil031,induction-coil
induction-coil032,induction-coil
induction-coil033,induction-coil
induction-coil034,induction-coil
induction-coil035,induction-coil
induction-coil036,induction-coil
induction-coil037,induction-coil
induction-coil038,induction-coil
induction-coil039,induction-coil
induction-coil040,induction-coil
induction-coil041,induction-coil
induction-coil042,induction-coil
induction-coil043,induction-coil
induction-coil044,induction-coil
induction-coil045,induction-coil
induction-coil046,induction-coil
induction-coil047,induction-coil
induction-coil048,induction-coil
induction-coil049,induction-coil
induction-coil050,induction-coil
induction-coil051,induction-coil
induction-coil052,induction-coil
induction-coil053,induction-coil
induction-coil054,induction-coil
induction-coil055,induction-coil
induction-coil056,induction-coil
induction-coil057,induction-coil
induction-coil058,induction-coil
induction-coil059,induction-coil
induction-coil060,induction-coil
induction-coil061,induction-coil
induction-coil062,induction-coil
induction-coil063,induction-coil
induction-coil064,induction-coil
induction-coil065,induction-coil
induction-coil066,induction-coil
induction-coil067,induction-coil
induction-coil068,induction-coil
induction-coil069,induction-coil
induction-coil070,induction-coil
induction-coil071,induction-coil
induction-coil072,induction-coil
induction-coil073,induction-coil
induction-coil074,induction-coil
induction-coil075,induction-coil
induction-coil076,induction-coil
induction-coil077,induction-coil
induction-coil078,induction-coil
induction-coil079,induction-coil
induction-coil080,induction-coil
induction-coil081,induction-coil
induction-coil082,induction-coil
induction-coil083,induction-coil
induction-coil084,induction-coil
induction-coil085,induction-coil
induction-coil086,induction-coil
induction-coil087,induction-coil
induction-coil088,induction-coil
induction-coil089,induction-coil
induction-coil090,induction-coil
induction-coil091,induction-coil
induction-coil092,induction-coil
induction-coil093,induction-coil
induction-coil094,induction-coil
induction-coil095,induction-coil
induction-coil096,induction-coil
induction-coil097,induction-coil
induction-coil098,induction-coil
induction-coil099,induction-coil
induction-coil100,induction-coil
induction-coil101,induction-coil
induction-coil102,induction-coil
induction-coil103,induction-coil
induction-coil104,induction-coil
induction-coil105,induction-coil
induction-coil106,induction-coil
induction-coil107,induction-coil
induction-coil108,induction-coil
induction-coil109,induction-coil
induction-coil110,induction-coil
induction-coil111,induction-coil
induction-coil112,induction-coil
induction-coil113,induction-coil
induction-coil114,induction-coil
induction-coil115,induction-coil
induction-coil116,induction-coil
induction-coil117,induction-coil
induction-coil118,induction-coil
induction-coil119,induction-coil
induction-coil120,induction-coil
induction-coil121,induction-coil
induction-coil122,induction-coil
induction-coil123,induction-coil
induction-coil124,induction-coil
induction-coil125,induction-coil
induction-coil126,induction-coil
induction-coil127,induction-coil
induction-coil128,induction-coil
induction-coil129,induction-coil
induction-coil130,induction-coil
induction-coil131,induction-coil
induction-coil132,induction-coil
induction-coil133,induction-coil
induction-coil134,induction-coil
induction-coil135,induction-coil
induction-coil136,induction-coil
induction-coil137,induction-coil
induction-coil138,induction-coil
induction-coil139,induction-coil
induction-coil140,induction-coil
induction-coil141,induction-coil
induction-coil142,induction-coil
induction-coil143,induction-coil
induction-coil144,induction-coil
induction-coil145,induction-coil
induction-coil146,induction-coil
induction-coil147,induction-coil
induction-coil148,induction-coil
induction-coil149,induction-coil
induction-coil150,induction-coil
induction-coil151,induction-coil
LED045,LED
LED046,LED
LED047,LED
LED048,LED
LED049,LED
LED050,LED
LED051,LED
LED052,LED
LED053,LED
LED054,LED
LED055,LED
LED056,LED
LED057,LED
LED058,LED
LED059,LED
LED060,LED
LED061,LED
LED062,LED
LED063,LED
LED064,LED
LED065,LED
LED066,LED
LED067,LED
LED068,LED
LED069,LED
LED070,LED
LED071,LED
LED072,LED
LED073,LED
LED074,LED
LED075,LED
LED076,LED
LED077,LED
LED078,LED
LED079,LED
LED080,LED
LED081,LED
LED082,LED
LED083,LED
LED084,LED
LED085,LED
LED086,LED
LED087,LED
LED088,LED
LED089,LED
LED090,LED
LED091,LED
LED092,LED
LED093,LED
LED094,LED
LED095,LED
LED096,LED
LED097,LED
LED098,LED
LED099,LED
LED100,LED
LED101,LED
LED102,LED
LED103,LED
LED104,LED
LED105,LED
LED106,LED
LED107,LED
LED108,LED
LED109,LED
LED110,LED
LED111,LED
LED112,LED
LED113,LED
LED114,LED
LED195,LED
LED196,LED
LED197,LED
LED198,LED
LED199,LED
LED200,LED
LED201,LED
LED202,LED
LED203,LED
LED204,LED
LED205,LED
LED206,LED
LED207,LED
LED208,LED
LED209,LED
LED210,LED
LED211,LED
LED212,LED
LED213,LED
LED214,LED
LED215,LED
LED216,LED
LED217,LED
LED218,LED
LED219,LED
LED220,LED
LED221,LED
LED222,LED
LED223,LED
LED224,LED
LED225,LED
LED226,LED
LED227,LED
LED228,LED
LED229,LED
LED230,LED
LED231,LED
LED232,LED
LED233,LED
LED234,LED
LED235,LED
LED236,LED
LED237,LED
LED238,LED
LED239,LED
LED240,LED
LED241,LED
LED242,LED
LED243,LED
LED244,LED
LED245,LED
LED246,LED
LED247,LED
LED248,LED
LED249,LED
LED250,LED
LED251,LED
LED252,LED
LED253,LED
LED254,LED
LED255,LED
LED256,LED
LED257,LED
LED258,LED
LED259,LED
LED260,LED
LED261,LED
LED262,LED
LED263,LED
LED264,LED
LED265,LED
LED266,LED
LED267,LED
LED268,LED
LED269,LED
LED270,LED
LED271,LED
LED272,LED
LED273,LED
LED274,LED
LED275,LED
LED276,LED
LED277,LED
LED278,LED
LED279,LED
LED280,LED
LED281,LED
LED282,LED
LED283,LED
LED284,LED
LED285,LED
LED286,LED
LED287,LED
LED288,LED
LED289,LED
LED290,LED
LED291,LED
LED292,LED
LED293,LED
LED294,LED
LED355,LED
LED356,LED
LED357,LED
LED358,LED
LED359,LED
LED360,LED
LED361,LED
LED362,LED
LED363,LED
LED364,LED
LED365,LED
LED366,LED
LED367,LED
LED368,LED
LED369,LED
LED370,LED
LED371,LED
LED372,LED
LED373,LED
LED374,LED
LED375,LED
LED376,LED
LED377,LED
LED378,LED
LED379,LED
LED380,LED
LED381,LED
LED382,LED
LED383,LED
LED384,LED
LED385,LED
LED386,LED
LED387,LED
LED388,LED
LED389,LED
LED390,LED
LED391,LED
LED392,LED
LED393,LED
LED394,LED
LED395,LED
LED396,LED
LED397,LED
LED398,LED
LED399,LED
LED400,LED
LED401,LED
LED402,LED
LED403,LED
LED404,LED
LED405,LED
LED406,LED
LED407,LED
LED408,LED
LED409,LED
LED410,LED
LED411,LED
LED412,LED
LED413,LED
LED414,LED
LED415,LED
LED416,LED
LED417,LED
LED418,LED
LED419,LED
LED420,LED
LED421,LED
LED422,LED
LED423,LED
LED424,LED
LED515,LED
LED516,LED
LED517,LED
LED518,LED
LED519,LED
LED520,LED
LED521,LED
LED522,LED
LED523,LED
LED524,LED
LED525,LED
LED526,LED
LED527,LED
LED528,LED
LED529,LED
LED530,LED
LED531,LED
LED532,LED
LED533,LED
LED534,LED
LED535,LED
LED536,LED
LED537,LED
LED538,LED
LED539,LED
LED540,LED
LED541,LED
LED542,LED
LED543,LED
LED544,LED
LED615,LED
LED616,LED
LED617,LED
LED618,LED
LED619,LED
LED620,LED
LED621,LED
LED622,LED
LED623,LED
LED624,LED
LED625,LED
LED626,LED
LED627,LED
LED628,LED
LED629,LED
LED630,LED
LED631,LED
LED632,LED
LED633,LED
LED634,LED
LED635,LED
LED636,LED
LED637,LED
LED638,LED
LED639,LED
LED640,LED
LED641,LED
LED642,LED
LED643,LED
LED644,LED
LED645,LED
LED646,LED
LED647,LED
LED648,LED
LED649,LED
LED650,LED
LED651,LED
LED652,LED
LED653,LED
LED654,LED
LED655,LED
LED656,LED
LED657,LED
LED658,LED
LED659,LED
LED660,LED
LED661,LED
LED662,LED
LED663,LED
LED664,LED
LED755,LED
LED756,LED
LED757,LED
LED758,LED
LED759,LED
LED760,LED
LED761,LED
LED762,LED
LED763,LED
LED764,LED
LED815,LED
LED816,LED
LED817,LED
LED818,LED
LED819,LED
LED820,LED
LED821,LED
LED822,LED
LED823,LED
LED824,LED
LED895,LED
LED896,LED
LED897,LED
LED898,LED
LED899,LED
LED900,LED
LED901,LED
LED902,LED
LED903,LED
LED904,LED
LED905,LED
LED906,LED
LED907,LED
LED908,LED
LED909,LED
LED910,LED
LED911,LED
LED912,LED
LED913,LED
LED914,LED
LED915,LED
LED916,LED
LED917,LED
LED918,LED
LED919,LED
LED920,LED
LED921,LED
LED922,LED
LED923,LED
LED924,LED
LED925,LED
LED926,LED
LED927,LED
LED928,LED
LED929,LED
LED930,LED
LED931,LED
LED932,LED
LED933,LED
LED934,LED
LED935,LED
LED936,LED
LED937,LED
LED938,LED
LED939,LED
LED940,LED
LED941,LED
LED942,LED
LED943,LED
LED944,LED
LED945,LED
LED946,LED
LED947,LED
LED948,LED
LED949,LED
LED950,LED
LED951,LED
LED952,LED
LED953,LED
LED954,LED
LED955,LED
LED956,LED
LED957,LED
LED958,LED
LED959,LED
LED960,LED
LED961,LED
LED962,LED
LED963,LED
LED964,LED
microprocessor001,microprocessor
microprocessor002,microprocessor
microprocessor003,microprocessor
microprocessor004,microprocessor
microprocessor005,microprocessor
microprocessor006,microprocessor
microprocessor007,microprocessor
microprocessor008,microprocessor
microprocessor009,microprocessor
microprocessor010,microprocessor
microprocessor011,microprocessor
microprocessor012,microprocessor
microprocessor013,microprocessor
microprocessor014,microprocessor
microprocessor015,microprocessor
microprocessor016,microprocessor
microprocessor017,microprocessor
microprocessor018,microprocessor
microprocessor019,microprocessor
microprocessor020,microprocessor
microprocessor021,microprocessor
microprocessor022,microprocessor
microprocessor023,microprocessor
microprocessor024,microprocessor
microprocessor025,microprocessor
microprocessor026,microprocessor
microprocessor027,microprocessor
microprocessor028,microprocessor
microprocessor029,microprocessor
microprocessor030,microprocessor
microprocessor031,microprocessor
microprocessor032,microprocessor
microprocessor033,microprocessor
microprocessor034,microprocessor
microprocessor035,microprocessor
microprocessor036,microprocessor
microprocessor037,microprocessor
microprocessor038,microprocessor
microprocessor039,microprocessor
microprocessor040,microprocessor
microprocessor041,microprocessor
microprocessor042,microprocessor
microprocessor043,microprocessor
microprocessor044,microprocessor
microprocessor045,microprocessor
microprocessor046,microprocessor
microprocessor047,microprocessor
microprocessor048,microprocessor
microprocessor049,microprocessor
microprocessor050,microprocessor
microprocessor051,microprocessor
microprocessor052,microprocessor
microprocessor053,microprocessor
microprocessor054,microprocessor
microprocessor055,microprocessor
microprocessor056,microprocessor
microprocessor057,microprocessor
microprocessor058,microprocessor
microprocessor059,microprocessor
microprocessor060,microprocessor
microprocessor061,microprocessor
microprocessor062,microprocessor
microprocessor063,microprocessor
microprocessor064,microprocessor
microprocessor065,microprocessor
microprocessor066,microprocessor
microprocessor067,microprocessor
microprocessor068,microprocessor
microprocessor069,microprocessor
microprocessor070,microprocessor
microprocessor071,microprocessor
microprocessor072,microprocessor
microprocessor073,microprocessor
microprocessor074,microprocessor
microprocessor075,microprocessor
microprocessor076,microprocessor
microprocessor077,microprocessor
microprocessor078,microprocessor
microprocessor079,microprocessor
microprocessor080,microprocessor
microprocessor081,microprocessor
microprocessor082,microprocessor
microprocessor083,microprocessor
microprocessor084,microprocessor
microprocessor085,microprocessor
microprocessor086,microprocessor
microprocessor087,microprocessor
microprocessor088,microprocessor
microprocessor089,microprocessor
microprocessor090,microprocessor
microprocessor1056,microprocessor
microprocessor1057,microprocessor
microprocessor1058,microprocessor
microprocessor1059,microprocessor
microprocessor1060,microprocessor
microprocessor1061,microprocessor
microprocessor1062,microprocessor
microprocessor1063,microprocessor
microprocessor1064,microprocessor
microprocessor1065,microprocessor
microprocessor1066,microprocessor
microprocessor1067,microprocessor
microprocessor1068,microprocessor
microprocessor1069,microprocessor
microprocessor1070,microprocessor
microprocessor1111,microprocessor
microprocessor1112,microprocessor
microprocessor1161,microprocessor
microprocessor1162,microprocessor
microprocessor1163,microprocessor
microprocessor1164,microprocessor
microprocessor1165,microprocessor
microprocessor1206,microprocessor
microprocessor1207,microprocessor
microprocessor1208,microprocessor
microprocessor1209,microprocessor
microprocessor121,microprocessor
microprocessor1210,microprocessor
microprocessor1211,microprocessor
microprocessor1212,microprocessor
microprocessor1213,microprocessor
microprocessor1214,microprocessor
microprocessor1215,microprocessor
microprocessor122,microprocessor
microprocessor123,microprocessor
microprocessor124,microprocessor
microprocessor1246,microprocessor
microprocessor125,microprocessor
microprocessor1256,microprocessor
microprocessor1257,microprocessor
microprocessor1258,microprocessor
microprocessor1259,microprocessor
microprocessor126,microprocessor
microprocessor1260,microprocessor
microprocessor1261,microprocessor
microprocessor1262,microprocessor
microprocessor1263,microprocessor
microprocessor1264,microprocessor
microprocessor1265,microprocessor
microprocessor1266,microprocessor
microprocessor1267,microprocessor
microprocessor1268,microprocessor
microprocessor1269,microprocessor
microprocessor127,microprocessor
microprocessor1270,microprocessor
microprocessor1271,microprocessor
microprocessor1272,microprocessor
microprocessor1273,microprocessor
microprocessor1274,microprocessor
microprocessor1275,microprocessor
microprocessor1276,microprocessor
microprocessor1277,microprocessor
microprocessor1278,microprocessor
microprocessor1279,microprocessor
microprocessor128,microprocessor
microprocessor1280,microprocessor
microprocessor1281,microprocessor
microprocessor1282,microprocessor
microprocessor1283,microprocessor
microprocessor1284,microprocessor
microprocessor1285,microprocessor
microprocessor1286,microprocessor
microprocessor1287,microprocessor
microprocessor1288,microprocessor
microprocessor1289,microprocessor
microprocessor129,microprocessor
microprocessor1290,microprocessor
microprocessor1291,microprocessor
microprocessor1292,microprocessor
microprocessor1293,microprocessor
microprocessor1294,microprocessor
microprocessor1295,microprocessor
microprocessor130,microprocessor
microprocessor1376,microprocessor
microprocessor1377,microprocessor
microprocessor1378,microprocessor
microprocessor1379,microprocessor
microprocessor1380,microprocessor
microprocessor1381,microprocessor
microprocessor1382,microprocessor
microprocessor1383,microprocessor
microprocessor1384,microprocessor
microprocessor1385,microprocessor
microprocessor1386,microprocessor
microprocessor1387,microprocessor
microprocessor1388,microprocessor
microprocessor1389,microprocessor
microprocessor1390,microprocessor
microprocessor1391,microprocessor
microprocessor1392,microprocessor
microprocessor1393,microprocessor
microprocessor1394,microprocessor
microprocessor1395,microprocessor
microprocessor1396,microprocessor
microprocessor1397,microprocessor
microprocessor1398,microprocessor
microprocessor1399,microprocessor
microprocessor1400,microprocessor
microprocessor1401,microprocessor
microprocessor1402,microprocessor
microprocessor1403,microprocessor
microprocessor1404,microprocessor
microprocessor1405,microprocessor
microprocessor1436,microprocessor
microprocessor1437,microprocessor
microprocessor1438,microprocessor
microprocessor1439,microprocessor
microprocessor1440,microprocessor
microprocessor1441,microprocessor
microprocessor1442,microprocessor
microprocessor1443,microprocessor
microprocessor1444,microprocessor
microprocessor1445,microprocessor
microprocessor1446,microprocessor
microprocessor1447,microprocessor
microprocessor1448,microprocessor
microprocessor1449,microprocessor
microprocessor1450,microprocessor
microprocessor1451,microprocessor
microprocessor1452,microprocessor
microprocessor1473,microprocessor
microprocessor1474,microprocessor
microprocessor1475,microprocessor
microprocessor1476,microprocessor
microprocessor1477,microprocessor
microprocessor1478,microprocessor
microprocessor1479,microprocessor
microprocessor1480,microprocessor
microprocessor1481,microprocessor
microprocessor1482,microprocessor
microprocessor1483,microprocessor
microprocessor1484,microprocessor
microprocessor1485,microprocessor
microprocessor1516,microprocessor
microprocessor1517,microprocessor
microprocessor1518,microprocessor
microprocessor1519,microprocessor
microprocessor1520,microprocessor
microprocessor1521,microprocessor
microprocessor1522,microprocessor
microprocessor1523,microprocessor
microprocessor1524,microprocessor
microprocessor1525,microprocessor
microprocessor1526,microprocessor
microprocessor1527,microprocessor
microprocessor1528,microprocessor
microprocessor1529,microprocessor
microprocessor211,microprocessor
microprocessor212,microprocessor
microprocessor213,microprocessor
microprocessor214,microprocessor
microprocessor215,microprocessor
microprocessor216,microprocessor
microprocessor217,microprocessor
microprocessor218,microprocessor
microprocessor219,microprocessor
microprocessor220,microprocessor
microprocessor221,microprocessor
microprocessor222,microprocessor
microprocessor223,microprocessor
microprocessor224,microprocessor
microprocessor225,microprocessor
microprocessor226,microprocessor
microprocessor227,microprocessor
microprocessor228,microprocessor
microprocessor229,microprocessor
microprocessor230,microprocessor
microprocessor231,microprocessor
microprocessor232,microprocessor
microprocessor233,microprocessor
microprocessor234,microprocessor
microprocessor235,microprocessor
microprocessor236,microprocessor
microprocessor237,microprocessor
microprocessor238,microprocessor
microprocessor239,microprocessor
microprocessor240,microprocessor
microprocessor241,microprocessor
microprocessor242,microprocessor
microprocessor243,microprocessor
microprocessor244,microprocessor
microprocessor245,microprocessor
microprocessor246,microprocessor
microprocessor247,microprocessor
microprocessor248,microprocessor
microprocessor249,microprocessor
microprocessor250,microprocessor
microprocessor281,microprocessor
microprocessor282,microprocessor
microprocessor283,microprocessor
microprocessor284,microprocessor
microprocessor285,microprocessor
microprocessor286,microprocessor
microprocessor287,microprocessor
microprocessor288,microprocessor
microprocessor289,microprocessor
microprocessor290,microprocessor
microprocessor331,microprocessor
microprocessor332,microprocessor
microprocessor333,microprocessor
microprocessor334,microprocessor
microprocessor335,microprocessor
microprocessor336,microprocessor
microprocessor337,microprocessor
microprocessor338,microprocessor
microprocessor339,microprocessor
microprocessor340,microprocessor
microprocessor391,microprocessor
microprocessor392,microprocessor
microprocessor393,microprocessor
microprocessor394,microprocessor
microprocessor395,microprocessor
microprocessor396,microprocessor
microprocessor397,microprocessor
microprocessor398,microprocessor
microprocessor399,microprocessor
microprocessor400,microprocessor
microprocessor401,microprocessor
microprocessor402,microprocessor
microprocessor403,microprocessor
microprocessor404,microprocessor
microprocessor405,microprocessor
microprocessor406,microprocessor
microprocessor407,microprocessor
microprocessor408,microprocessor
microprocessor409,microprocessor
microprocessor410,microprocessor
microprocessor521,microprocessor
microprocessor522,microprocessor
microprocessor523,microprocessor
microprocessor524,microprocessor
microprocessor525,microprocessor
microprocessor526,microprocessor
microprocessor527,microprocessor
microprocessor528,microprocessor
microprocessor529,microprocessor
microprocessor530,microprocessor
microprocessor531,microprocessor
microprocessor532,microprocessor
microprocessor533,microprocessor
microprocessor534,microprocessor
microprocessor535,microprocessor
microprocessor536,microprocessor
microprocessor537,microprocessor
microprocessor538,microprocessor
microprocessor539,microprocessor
microprocessor540,microprocessor
microprocessor541,microprocessor
microprocessor542,microprocessor
microprocessor543,microprocessor
microprocessor544,microprocessor
microprocessor545,microprocessor
microprocessor546,microprocessor
microprocessor547,microprocessor
microprocessor548,microprocessor
microprocessor549,microprocessor
microprocessor550,microprocessor
microprocessor551,microprocessor
microprocessor552,microprocessor
microprocessor553,microprocessor
microprocessor554,microprocessor
microprocessor555,microprocessor
microprocessor556,microprocessor
microprocessor557,microprocessor
microprocessor558,microprocessor
microprocessor559,microprocessor
microprocessor560,microprocessor
microprocessor561,microprocessor
microprocessor562,microprocessor
microprocessor563,microprocessor
microprocessor564,microprocessor
microprocessor565,microprocessor
microprocessor566,microprocessor
microprocessor567,microprocessor
microprocessor568,microprocessor
microprocessor569,microprocessor
microprocessor570,microprocessor
microprocessor671,microprocessor
microprocessor672,microprocessor
microprocessor673,microprocessor
microprocessor681,microprocessor
microprocessor682,microprocessor
microprocessor683,microprocessor
microprocessor684,microprocessor
microprocessor685,microprocessor
microprocessor686,microprocessor
microprocessor687,microprocessor
microprocessor728,microprocessor
microprocessor729,microprocessor
microprocessor730,microprocessor
microprocessor731,microprocessor
microprocessor732,microprocessor
microprocessor733,microprocessor
microprocessor734,microprocessor
microprocessor735,microprocessor
microprocessor736,microprocessor
microprocessor737,microprocessor
microprocessor758,microprocessor
microprocessor759,microprocessor
microprocessor760,microprocessor
microprocessor761,microprocessor
microprocessor762,microprocessor
microprocessor763,microprocessor
microprocessor764,microprocessor
microprocessor765,microprocessor
microprocessor766,microprocessor
microprocessor767,microprocessor
microprocessor768,microprocessor
microprocessor769,microprocessor
microprocessor770,microprocessor
microprocessor771,microprocessor
microprocessor772,microprocessor
microprocessor773,microprocessor
microprocessor774,microprocessor
microprocessor775,microprocessor
microprocessor776,microprocessor
microprocessor777,microprocessor
microprocessor778,microprocessor
microprocessor779,microprocessor
microprocessor780,microprocessor
microprocessor781,microprocessor
microprocessor782,microprocessor
microprocessor783,microprocessor
microprocessor784,microprocessor
microprocessor785,microprocessor
microprocessor786,microprocessor
microprocessor787,microprocessor
microprocessor788,microprocessor
microprocessor789,microprocessor
microprocessor790,microprocessor
microprocessor791,microprocessor
microprocessor792,microprocessor
microprocessor793,microprocessor
microprocessor794,microprocessor
microprocessor795,microprocessor
microprocessor796,microprocessor
microprocessor797,microprocessor
microprocessor798,microprocessor
microprocessor799,microprocessor
microprocessor800,microprocessor
microprocessor801,microprocessor
microprocessor802,microprocessor
microprocessor803,microprocessor
microprocessor804,microprocessor
microprocessor805,microprocessor
microprocessor806,microprocessor
microprocessor807,microprocessor
microprocessor886,microprocessor
microprocessor887,microprocessor
microprocessor888,microprocessor
microprocessor889,microprocessor
microprocessor890,microprocessor
microprocessor891,microprocessor
microprocessor892,microprocessor
microprocessor893,microprocessor
microprocessor894,microprocessor
microprocessor895,microprocessor
PNP-transistor001,PNP-transistor
PNP-transistor002,PNP-transistor
PNP-transistor003,PNP-transistor
PNP-transistor004,PNP-transistor
PNP-transistor005,PNP-transistor
PNP-transistor006,PNP-transistor
PNP-transistor007,PNP-transistor
PNP-transistor008,PNP-transistor
PNP-transistor009,PNP-transistor
PNP-transistor010,PNP-transistor
PNP-transistor011,PNP-transistor
PNP-transistor012,PNP-transistor
PNP-transistor013,PNP-transistor
PNP-transistor014,PNP-transistor
PNP-transistor015,PNP-transistor
PNP-transistor016,PNP-transistor
PNP-transistor017,PNP-transistor
PNP-transistor018,PNP-transistor
PNP-transistor019,PNP-transistor
PNP-transistor020,PNP-transistor
PNP-transistor021,PNP-transistor
PNP-transistor022,PNP-transistor
PNP-transistor023,PNP-transistor
PNP-transistor024,PNP-transistor
PNP-transistor025,PNP-transistor
PNP-transistor026,PNP-transistor
PNP-transistor027,PNP-transistor
PNP-transistor028,PNP-transistor
PNP-transistor029,PNP-transistor
PNP-transistor030,PNP-transistor
PNP-transistor031,PNP-transistor
PNP-transistor032,PNP-transistor
PNP-transistor033,PNP-transistor
PNP-transistor034,PNP-transistor
PNP-transistor035,PNP-transistor
PNP-transistor036,PNP-transistor
PNP-transistor037,PNP-transistor
PNP-transistor038,PNP-transistor
PNP-transistor039,PNP-transistor
PNP-transistor040,PNP-transistor
PNP-transistor041,PNP-transistor
PNP-transistor042,PNP-transistor
PNP-transistor043,PNP-transistor
PNP-transistor044,PNP-transistor
PNP-transistor045,PNP-transistor
PNP-transistor046,PNP-transistor
PNP-transistor047,PNP-transistor
PNP-transistor048,PNP-transistor
PNP-transistor049,PNP-transistor
PNP-transistor050,PNP-transistor
PNP-transistor051,PNP-transistor
PNP-transistor052,PNP-transistor
PNP-transistor053,PNP-transistor
PNP-transistor054,PNP-transistor
PNP-transistor055,PNP-transistor
PNP-transistor056,PNP-transistor
PNP-transistor057,PNP-transistor
PNP-transistor058,PNP-transistor
PNP-transistor059,PNP-transistor
PNP-transistor060,PNP-transistor
PNP-transistor061,PNP-transistor
PNP-transistor062,PNP-transistor
PNP-transistor063,PNP-transistor
PNP-transistor064,PNP-transistor
PNP-transistor065,PNP-transistor
PNP-transistor066,PNP-transistor
PNP-transistor067,PNP-transistor
PNP-transistor068,PNP-transistor
PNP-transistor069,PNP-transistor
PNP-transistor070,PNP-transistor
PNP-transistor071,PNP-transistor
PNP-transistor072,PNP-transistor
PNP-transistor073,PNP-transistor
PNP-transistor074,PNP-transistor
PNP-transistor075,PNP-transistor
PNP-transistor076,PNP-transistor
PNP-transistor077,PNP-transistor
PNP-transistor078,PNP-transistor
PNP-transistor079,PNP-transistor
PNP-transistor080,PNP-transistor
PNP-transistor081,PNP-transistor
PNP-transistor082,PNP-transistor
PNP-transistor083,PNP-transistor
PNP-transistor084,PNP-transistor
PNP-transistor085,PNP-transistor
PNP-transistor086,PNP-transistor
PNP-transistor087,PNP-transistor
PNP-transistor088,PNP-transistor
PNP-transistor089,PNP-transistor
PNP-transistor090,PNP-transistor
PNP-transistor091,PNP-transistor
PNP-transistor092,PNP-transistor
PNP-transistor093,PNP-transistor
PNP-transistor094,PNP-transistor
PNP-transistor095,PNP-transistor
PNP-transistor096,PNP-transistor
PNP-transistor097,PNP-transistor
PNP-transistor098,PNP-transistor
PNP-transistor099,PNP-transistor
PNP-transistor100,PNP-transistor
PNP-transistor101,PNP-transistor
PNP-transistor102,PNP-transistor
PNP-transistor103,PNP-transistor
PNP-transistor104,PNP-transistor
PNP-transistor105,PNP-transistor
PNP-transistor106,PNP-transistor
PNP-transistor107,PNP-transistor
PNP-transistor108,PNP-transistor
PNP-transistor109,PNP-transistor
PNP-transistor110,PNP-transistor
PNP-transistor111,PNP-transistor
PNP-transistor112,PNP-transistor
PNP-transistor113,PNP-transistor
PNP-transistor114,PNP-transistor
PNP-transistor115,PNP-transistor
PNP-transistor116,PNP-transistor
PNP-transistor117,PNP-transistor
PNP-transistor118,PNP-transistor
PNP-transistor119,PNP-transistor
PNP-transistor120,PNP-transistor
PNP-transistor121,PNP-transistor
PNP-transistor122,PNP-transistor
PNP-transistor123,PNP-transistor
PNP-transistor124,PNP-transistor
PNP-transistor125,PNP-transistor
PNP-transistor126,PNP-transistor
PNP-transistor127,PNP-transistor
PNP-transistor128,PNP-transistor
PNP-transistor129,PNP-transistor
PNP-transistor130,PNP-transistor
PNP-transistor131,PNP-transistor
PNP-transistor132,PNP-transistor
PNP-transistor133,PNP-transistor
PNP-transistor134,PNP-transistor
PNP-transistor135,PNP-transistor
PNP-transistor136,PNP-transistor
PNP-transistor137,PNP-transistor
PNP-transistor138,PNP-transistor
PNP-transistor139,PNP-transistor
PNP-transistor140,PNP-transistor
PNP-transistor141,PNP-transistor
PNP-transistor142,PNP-transistor
PNP-transistor143,PNP-transistor
PNP-transistor144,PNP-transistor
PNP-transistor145,PNP-transistor
PNP-transistor146,PNP-transistor
PNP-transistor147,PNP-transistor
PNP-transistor148,PNP-transistor
PNP-transistor149,PNP-transistor
PNP-transistor150,PNP-transistor
PNP-transistor151,PNP-transistor
PNP-transistor152,PNP-transistor
PNP-transistor153,PNP-transistor
PNP-transistor154,PNP-transistor
PNP-transistor155,PNP-transistor
PNP-transistor156,PNP-transistor
PNP-transistor157,PNP-transistor
PNP-transistor158,PNP-transistor
PNP-transistor159,PNP-transistor
PNP-transistor160,PNP-transistor
PNP-transistor161,PNP-transistor
PNP-transistor162,PNP-transistor
PNP-transistor163,PNP-transistor
PNP-transistor164,PNP-transistor
PNP-transistor165,PNP-transistor
PNP-transistor166,PNP-transistor
PNP-transistor167,PNP-transistor
PNP-transistor168,PNP-transistor
PNP-transistor169,PNP-transistor
PNP-transistor170,PNP-transistor
PNP-transistor171,PNP-transistor
PNP-transistor172,PNP-transistor
PNP-transistor173,PNP-transistor
PNP-transistor174,PNP-transistor
PNP-transistor175,PNP-transistor
PNP-transistor176,PNP-transistor
PNP-transistor177,PNP-transistor
PNP-transistor178,PNP-transistor
PNP-transistor179,PNP-transistor
PNP-transistor180,PNP-transistor
PNP-transistor181,PNP-transistor
PNP-transistor182,PNP-transistor
PNP-transistor183,PNP-transistor
PNP-transistor184,PNP-transistor
PNP-transistor185,PNP-transistor
PNP-transistor186,PNP-transistor
PNP-transistor187,PNP-transistor
PNP-transistor188,PNP-transistor
PNP-transistor189,PNP-transistor
PNP-transistor190,PNP-transistor
PNP-transistor191,PNP-transistor
PNP-transistor192,PNP-transistor
PNP-transistor193,PNP-transistor
PNP-transistor194,PNP-transistor
PNP-transistor195,PNP-transistor
PNP-transistor196,PNP-transistor
PNP-transistor197,PNP-transistor
PNP-transistor198,PNP-transistor
PNP-transistor199,PNP-transistor
PNP-transistor200,PNP-transistor
PNP-transistor201,PNP-transistor
PNP-transistor202,PNP-transistor
PNP-transistor203,PNP-transistor
PNP-transistor204,PNP-transistor
PNP-transistor205,PNP-transistor
PNP-transistor206,PNP-transistor
PNP-transistor207,PNP-transistor
PNP-transistor208,PNP-transistor
PNP-transistor209,PNP-transistor
PNP-transistor210,PNP-transistor
PNP-transistor211,PNP-transistor
PNP-transistor212,PNP-transistor
PNP-transistor213,PNP-transistor
PNP-transistor214,PNP-transistor
PNP-transistor215,PNP-transistor
PNP-transistor216,PNP-transistor
PNP-transistor217,PNP-transistor
PNP-transistor218,PNP-transistor
PNP-transistor219,PNP-transistor
PNP-transistor220,PNP-transistor
PNP-transistor221,PNP-transistor
PNP-transistor222,PNP-transistor
PNP-transistor223,PNP-transistor
PNP-transistor224,PNP-transistor
PNP-transistor225,PNP-transistor
PNP-transistor226,PNP-transistor
PNP-transistor227,PNP-transistor
PNP-transistor228,PNP-transistor
PNP-transistor229,PNP-transistor
PNP-transistor230,PNP-transistor
PNP-transistor231,PNP-transistor
PNP-transistor232,PNP-transistor
PNP-transistor233,PNP-transistor
PNP-transistor234,PNP-transistor
PNP-transistor235,PNP-transistor
PNP-transistor236,PNP-transistor
PNP-transistor237,PNP-transistor
PNP-transistor238,PNP-transistor
PNP-transistor239,PNP-transistor
PNP-transistor240,PNP-transistor
PNP-transistor241,PNP-transistor
PNP-transistor242,PNP-transistor
PNP-transistor243,PNP-transistor
PNP-transistor244,PNP-transistor
PNP-transistor245,PNP-transistor
PNP-transistor246,PNP-transistor
PNP-transistor247,PNP-transistor
PNP-transistor248,PNP-transistor
PNP-transistor249,PNP-transistor
PNP-transistor250,PNP-transistor
PNP-transistor251,PNP-transistor
PNP-transistor252,PNP-transistor
PNP-transistor253,PNP-transistor
PNP-transistor254,PNP-transistor
PNP-transistor255,PNP-transistor
PNP-transistor256,PNP-transistor
PNP-transistor257,PNP-transistor
PNP-transistor258,PNP-transistor
PNP-transistor259,PNP-transistor
PNP-transistor260,PNP-transistor
PNP-transistor261,PNP-transistor
PNP-transistor262,PNP-transistor
PNP-transistor263,PNP-transistor
PNP-transistor264,PNP-transistor
PNP-transistor265,PNP-transistor
PNP-transistor266,PNP-transistor
PNP-transistor267,PNP-transistor
PNP-transistor268,PNP-transistor
PNP-transistor269,PNP-transistor
PNP-transistor270,PNP-transistor
PNP-transistor271,PNP-transistor
PNP-transistor272,PNP-transistor
PNP-transistor273,PNP-transistor
PNP-transistor274,PNP-transistor
PNP-transistor275,PNP-transistor
PNP-transistor276,PNP-transistor
PNP-transistor277,PNP-transistor
PNP-transistor278,PNP-transistor
PNP-transistor279,PNP-transistor
PNP-transistor280,PNP-transistor
PNP-transistor281,PNP-transistor
PNP-transistor282,PNP-transistor
PNP-transistor283,PNP-transistor
PNP-transistor284,PNP-transistor
PNP-transistor285,PNP-transistor
PNP-transistor286,PNP-transistor
PNP-transistor287,PNP-transistor
PNP-transistor288,PNP-transistor
PNP-transistor289,PNP-transistor
PNP-transistor290,PNP-transistor
PNP-transistor291,PNP-transistor
PNP-transistor292,PNP-transistor
PNP-transistor293,PNP-transistor
PNP-transistor294,PNP-transistor
PNP-transistor295,PNP-transistor
PNP-transistor296,PNP-transistor
PNP-transistor297,PNP-transistor
PNP-transistor298,PNP-transistor
PNP-transistor299,PNP-transistor
PNP-transistor300,PNP-transistor
PNP-transistor301,PNP-transistor
PNP-transistor302,PNP-transistor
PNP-transistor303,PNP-transistor
PNP-transistor304,PNP-transistor
PNP-transistor305,PNP-transistor
PNP-transistor306,PNP-transistor
PNP-transistor307,PNP-transistor
semi-conductor013,semi-conductor
semi-conductor055,semi-conductor
semi-conductor100,semi-conductor
semi-conductor107,semi-conductor
semi-conductor108,semi-conductor
semi-conductor118,semi-conductor
semi-conductor119,semi-conductor
semi-conductor120,semi-conductor
semi-conductor122,semi-conductor
semi-conductor154,semi-conductor
semi-conductor157,semi-conductor
semi-conductor190,semi-conductor
semi-conductor225,semi-conductor
semi-conductor255,semi-conductor
semi-conductor292,semi-conductor
semi-conductor339,semi-conductor
semi-conductor345,semi-conductor
semi-conductor360,semi-conductor
semi-conductor407,semi-conductor
semi-conductor426,semi-conductor
semi-conductor428,semi-conductor
semi-conductor433,semi-conductor
semi-conductor439,semi-conductor
semi-conductor448,semi-conductor
semiconductor-diode001,semiconductor-diode
semiconductor-diode002,semiconductor-diode
semiconductor-diode003,semiconductor-diode
semiconductor-diode004,semiconductor-diode
semiconductor-diode005,semiconductor-diode
semiconductor-diode006,semiconductor-diode
semiconductor-diode007,semiconductor-diode
semiconductor-diode008,semiconductor-diode
semiconductor-diode009,semiconductor-diode
semiconductor-diode010,semiconductor-diode
semiconductor-diode011,semiconductor-diode
semiconductor-diode012,semiconductor-diode
semiconductor-diode013,semiconductor-diode
semiconductor-diode014,semiconductor-diode
semiconductor-diode015,semiconductor-diode
semiconductor-diode016,semiconductor-diode
semiconductor-diode017,semiconductor-diode
semiconductor-diode018,semiconductor-diode
semiconductor-diode019,semiconductor-diode
semiconductor-diode020,semiconductor-diode
semiconductor-diode021,semiconductor-diode
semiconductor-diode022,semiconductor-diode
semiconductor-diode023,semiconductor-diode
semiconductor-diode024,semiconductor-diode
semiconductor-diode025,semiconductor-diode
semiconductor-diode026,semiconductor-diode
semiconductor-diode027,semiconductor-diode
semiconductor-diode028,semiconductor-diode
semiconductor-diode029,semiconductor-diode
semiconductor-diode030,semiconductor-diode
semiconductor-diode031,semiconductor-diode
semiconductor-diode032,semiconductor-diode
semiconductor-diode033,semiconductor-diode
semiconductor-diode034,semiconductor-diode
semiconductor-diode035,semiconductor-diode
semiconductor-diode036,semiconductor-diode
semiconductor-diode037,semiconductor-diode
semiconductor-diode038,semiconductor-diode
semiconductor-diode039,semiconductor-diode
semiconductor-diode040,semiconductor-diode
semiconductor-diode041,semiconductor-diode
semiconductor-diode042,semiconductor-diode
semiconductor-diode043,semiconductor-diode
semiconductor-diode044,semiconductor-diode
semiconductor-diode045,semiconductor-diode
semiconductor-diode046,semiconductor-diode
semiconductor-diode047,semiconductor-diode
semiconductor-diode048,semiconductor-diode
semiconductor-diode049,semiconductor-diode
semiconductor-diode050,semiconductor-diode
semiconductor-diode051,semiconductor-diode
semiconductor-diode052,semiconductor-diode
semiconductor-diode053,semiconductor-diode
semiconductor-diode054,semiconductor-diode
semiconductor-diode055,semiconductor-diode
semiconductor-diode056,semiconductor-diode
semiconductor-diode057,semiconductor-diode
semiconductor-diode058,semiconductor-diode
semiconductor-diode059,semiconductor-diode
semiconductor-diode060,semiconductor-diode
semiconductor-diode061,semiconductor-diode
semiconductor-diode062,semiconductor-diode
semiconductor-diode063,semiconductor-diode
semiconductor-diode064,semiconductor-diode
semiconductor-diode065,semiconductor-diode
semiconductor-diode066,semiconductor-diode
semiconductor-diode067,semiconductor-diode
semiconductor-diode068,semiconductor-diode
semiconductor-diode069,semiconductor-diode
semiconductor-diode070,semiconductor-diode
semiconductor-diode071,semiconductor-diode
semiconductor-diode072,semiconductor-diode
semiconductor-diode073,semiconductor-diode
semiconductor-diode074,semiconductor-diode
semiconductor-diode075,semiconductor-diode
semiconductor-diode076,semiconductor-diode
semiconductor-diode077,semiconductor-diode
semiconductor-diode078,semiconductor-diode
semiconductor-diode079,semiconductor-diode
semiconductor-diode080,semiconductor-diode
semiconductor-diode081,semiconductor-diode
semiconductor-diode082,semiconductor-diode
semiconductor-diode083,semiconductor-diode
semiconductor-diode084,semiconductor-diode
semiconductor-diode085,semiconductor-diode
semiconductor-diode086,semiconductor-diode
semiconductor-diode087,semiconductor-diode
semiconductor-diode088,semiconductor-diode
semiconductor-diode089,semiconductor-diode
semiconductor-diode090,semiconductor-diode
semiconductor-diode091,semiconductor-diode
semiconductor-diode092,semiconductor-diode
semiconductor-diode093,semiconductor-diode
semiconductor-diode094,semiconductor-diode
semiconductor-diode095,semiconductor-diode
semiconductor-diode096,semiconductor-diode
semiconductor-diode097,semiconductor-diode
semiconductor-diode098,semiconductor-diode
semiconductor-diode099,semiconductor-diode
semiconductor-diode100,semiconductor-diode
semiconductor-diode101,semiconductor-diode
semiconductor-diode102,semiconductor-diode
semiconductor-diode103,semiconductor-diode
semiconductor-diode104,semiconductor-diode
semiconductor-diode105,semiconductor-diode
semiconductor-diode106,semiconductor-diode
semiconductor-diode107,semiconductor-diode
semiconductor-diode108,semiconductor-diode
semiconductor-diode109,semiconductor-diode
semiconductor-diode110,semiconductor-diode
semiconductor-diode111,semiconductor-diode
semiconductor-diode112,semiconductor-diode
semiconductor-diode113,semiconductor-diode
semiconductor-diode114,semiconductor-diode
semiconductor-diode115,semiconductor-diode
semiconductor-diode116,semiconductor-diode
semiconductor-diode127,semiconductor-diode
semiconductor-diode128,semiconductor-diode
semiconductor-diode129,semiconductor-diode
semiconductor-diode130,semiconductor-diode
semiconductor-diode131,semiconductor-diode
semiconductor-diode132,semiconductor-diode
semiconductor-diode133,semiconductor-diode
semiconductor-diode134,semiconductor-diode
semiconductor-diode135,semiconductor-diode
semiconductor-diode136,semiconductor-diode
semiconductor-diode137,semiconductor-diode
semiconductor-diode138,semiconductor-diode
semiconductor-diode139,semiconductor-diode
semiconductor-diode140,semiconductor-diode
semiconductor-diode141,semiconductor-diode
semiconductor-diode142,semiconductor-diode
semiconductor-diode143,semiconductor-diode
semiconductor-diode144,semiconductor-diode
semiconductor-diode145,semiconductor-diode
semiconductor-diode146,semiconductor-diode
semiconductor-diode147,semiconductor-diode
semiconductor-diode148,semiconductor-diode
semiconductor-diode149,semiconductor-diode
semiconductor-diode150,semiconductor-diode
semiconductor-diode151,semiconductor-diode
semiconductor-diode152,semiconductor-diode
semiconductor-diode153,semiconductor-diode
semiconductor-diode154,semiconductor-diode
semiconductor-diode155,semiconductor-diode
semiconductor-diode156,semiconductor-diode
semiconductor-diode157,semiconductor-diode
semiconductor-diode158,semiconductor-diode
semiconductor-diode159,semiconductor-diode
semiconductor-diode160,semiconductor-diode
semiconductor-diode161,semiconductor-diode
semiconductor-diode162,semiconductor-diode
semiconductor-diode163,semiconductor-diode
semiconductor-diode164,semiconductor-diode
semiconductor-diode165,semiconductor-diode
semiconductor-diode166,semiconductor-diode
semiconductor-diode167,semiconductor-diode
semiconductor-diode168,semiconductor-diode
semiconductor-diode169,semiconductor-diode
semiconductor-diode170,semiconductor-diode
semiconductor-diode171,semiconductor-diode
semiconductor-diode172,semiconductor-diode
semiconductor-diode173,semiconductor-diode
semiconductor-diode174,semiconductor-diode
semiconductor-diode175,semiconductor-diode
semiconductor-diode176,semiconductor-diode
semiconductor-diode177,semiconductor-diode
semiconductor-diode178,semiconductor-diode
semiconductor-diode179,semiconductor-diode
semiconductor-diode180,semiconductor-diode
semiconductor-diode181,semiconductor-diode
semiconductor-diode182,semiconductor-diode
semiconductor-diode183,semiconductor-diode
semiconductor-diode184,semiconductor-diode
semiconductor-diode185,semiconductor-diode
semiconductor-diode186,semiconductor-diode
semiconductor-diode187,semiconductor-diode
semiconductor-diode188,semiconductor-diode
semiconductor-diode189,semiconductor-diode
semiconductor-diode190,semiconductor-diode
semiconductor-diode191,semiconductor-diode
semiconductor-diode192,semiconductor-diode
semiconductor-diode193,semiconductor-diode
semiconductor-diode194,semiconductor-diode
semiconductor-diode195,semiconductor-diode
semiconductor-diode196,semiconductor-diode
semiconductor-diode197,semiconductor-diode
semiconductor-diode198,semiconductor-diode
semiconductor-diode199,semiconductor-diode
semiconductor-diode200,semiconductor-diode
semiconductor-diode201,semiconductor-diode
semiconductor-diode202,semiconductor-diode
semiconductor-diode203,semiconductor-diode
semiconductor-diode204,semiconductor-diode
semiconductor-diode205,semiconductor-diode
semiconductor-diode206,semiconductor-diode
semiconductor-diode207,semiconductor-diode
semiconductor-diode208,semiconductor-diode
semiconductor-diode209,semiconductor-diode
semiconductor-diode210,semiconductor-diode
semiconductor-diode211,semiconductor-diode
semiconductor-diode212,semiconductor-diode
semiconductor-diode213,semiconductor-diode
semiconductor-diode214,semiconductor-diode
semiconductor-diode215,semiconductor-diode
semiconductor-diode216,semiconductor-diode
semiconductor-diode217,semiconductor-diode
semiconductor-diode218,semiconductor-diode
semiconductor-diode219,semiconductor-diode
semiconductor-diode220,semiconductor-diode
semiconductor-diode221,semiconductor-diode
semiconductor-diode222,semiconductor-diode
semiconductor-diode223,semiconductor-diode
semiconductor-diode224,semiconductor-diode
semiconductor-diode225,semiconductor-diode
semiconductor-diode226,semiconductor-diode
semiconductor-diode227,semiconductor-diode
semiconductor-diode228,semiconductor-diode
semiconductor-diode229,semiconductor-diode
semiconductor-diode230,semiconductor-diode
semiconductor-diode231,semiconductor-diode
semiconductor-diode232,semiconductor-diode
semiconductor-diode233,semiconductor-diode
semiconductor-diode234,semiconductor-diode
semiconductor-diode235,semiconductor-diode
semiconductor-diode236,semiconductor-diode
semiconductor-diode257,semiconductor-diode
semiconductor-diode258,semiconductor-diode
semiconductor-diode259,semiconductor-diode
semiconductor-diode260,semiconductor-diode
semiconductor-diode261,semiconductor-diode
semiconductor-diode262,semiconductor-diode
semiconductor-diode263,semiconductor-diode
semiconductor-diode264,semiconductor-diode
semiconductor-diode265,semiconductor-diode
semiconductor-diode266,semiconductor-diode
semiconductor-diode267,semiconductor-diode
semiconductor-diode268,semiconductor-diode
semiconductor-diode269,semiconductor-diode
semiconductor-diode270,semiconductor-diode
semiconductor-diode271,semiconductor-diode
semiconductor-diode272,semiconductor-diode
semiconductor-diode273,semiconductor-diode
semiconductor-diode274,semiconductor-diode
semiconductor-diode275,semiconductor-diode
semiconductor-diode276,semiconductor-diode
semiconductor-diode277,semiconductor-diode
semiconductor-diode278,semiconductor-diode
semiconductor-diode279,semiconductor-diode
semiconductor-diode280,semiconductor-diode
semiconductor-diode281,semiconductor-diode
semiconductor-diode282,semiconductor-diode
semiconductor-diode283,semiconductor-diode
semiconductor-diode284,semiconductor-diode
semiconductor-diode285,semiconductor-diode
semiconductor-diode286,semiconductor-diode
semiconductor-diode287,semiconductor-diode
semiconductor-diode288,semiconductor-diode
semiconductor-diode289,semiconductor-diode
semiconductor-diode290,semiconductor-diode
semiconductor-diode291,semiconductor-diode
semiconductor-diode292,semiconductor-diode
semiconductor-diode293,semiconductor-diode
semiconductor-diode294,semiconductor-diode
semiconductor-diode295,semiconductor-diode
semiconductor-diode296,semiconductor-diode
semiconductor-diode297,semiconductor-diode
semiconductor-diode298,semiconductor-diode
semiconductor-diode299,semiconductor-diode
semiconductor-diode300,semiconductor-diode
semiconductor-diode301,semiconductor-diode
semiconductor-diode302,semiconductor-diode
semiconductor-diode303,semiconductor-diode
semiconductor-diode304,semiconductor-diode
semiconductor-diode305,semiconductor-diode
semiconductor-diode306,semiconductor-diode
semiconductor-diode307,semiconductor-diode
semiconductor-diode308,semiconductor-diode
semiconductor-diode309,semiconductor-diode
semiconductor-diode310,semiconductor-diode
semiconductor-diode311,semiconductor-diode
semiconductor-diode312,semiconductor-diode
semiconductor-diode313,semiconductor-diode
semiconductor-diode314,semiconductor-diode
semiconductor-diode315,semiconductor-diode
semiconductor-diode316,semiconductor-diode
semiconductor-diode317,semiconductor-diode
semiconductor-diode318,semiconductor-diode
semiconductor-diode319,semiconductor-diode
semiconductor-diode320,semiconductor-diode
semiconductor-diode321,semiconductor-diode
semiconductor-diode322,semiconductor-diode
semiconductor-diode323,semiconductor-diode
semiconductor-diode324,semiconductor-diode
semiconductor-diode325,semiconductor-diode
semiconductor-diode326,semiconductor-diode
semiconductor-diode327,semiconductor-diode
semiconductor-diode328,semiconductor-diode
semiconductor-diode329,semiconductor-diode
semiconductor-diode330,semiconductor-diode
semiconductor-diode331,semiconductor-diode
semiconductor-diode332,semiconductor-diode
semiconductor-diode333,semiconductor-diode
semiconductor-diode334,semiconductor-diode
semiconductor-diode335,semiconductor-diode
semiconductor-diode336,semiconductor-diode
semiconductor-diode337,semiconductor-diode
semiconductor-diode338,semiconductor-diode
semiconductor-diode339,semiconductor-diode
semiconductor-diode340,semiconductor-diode
semiconductor-diode341,semiconductor-diode
semiconductor-diode342,semiconductor-diode
semiconductor-diode343,semiconductor-diode
semiconductor-diode344,semiconductor-diode
semiconductor-diode345,semiconductor-diode
semiconductor-diode346,semiconductor-diode
semiconductor-diode347,semiconductor-diode
semiconductor-diode348,semiconductor-diode
semiconductor-diode349,semiconductor-diode
semiconductor-diode350,semiconductor-diode
semiconductor-diode351,semiconductor-diode
semiconductor-diode352,semiconductor-diode
semiconductor-diode353,semiconductor-diode
semiconductor-diode354,semiconductor-diode
semiconductor-diode355,semiconductor-diode
semiconductor-diode356,semiconductor-diode
semiconductor-diode357,semiconductor-diode
semiconductor-diode358,semiconductor-diode
semiconductor-diode359,semiconductor-diode
semiconductor-diode360,semiconductor-diode
semiconductor-diode361,semiconductor-diode
semiconductor-diode362,semiconductor-diode
semiconductor-diode363,semiconductor-diode
semiconductor-diode364,semiconductor-diode
semiconductor-diode365,semiconductor-diode
semiconductor-diode366,semiconductor-diode
semiconductor-diode367,semiconductor-diode
semiconductor-diode368,semiconductor-diode
semiconductor-diode369,semiconductor-diode
semiconductor-diode370,semiconductor-diode
semiconductor-diode371,semiconductor-diode
semiconductor-diode372,semiconductor-diode
semiconductor-diode373,semiconductor-diode
semiconductor-diode374,semiconductor-diode
semiconductor-diode375,semiconductor-diode
semiconductor-diode376,semiconductor-diode
semiconductor-diode377,semiconductor-diode
semiconductor-diode378,semiconductor-diode
semiconductor-diode379,semiconductor-diode
semiconductor-diode380,semiconductor-diode
semiconductor-diode381,semiconductor-diode
semiconductor-diode382,semiconductor-diode
semiconductor-diode383,semiconductor-diode
semiconductor-diode384,semiconductor-diode
semiconductor-diode385,semiconductor-diode
semiconductor-diode386,semiconductor-diode
semiconductor-diode387,semiconductor-diode
semiconductor-diode388,semiconductor-diode
semiconductor-diode389,semiconductor-diode
semiconductor-diode390,semiconductor-diode
semiconductor-diode391,semiconductor-diode
semiconductor-diode392,semiconductor-diode
semiconductor-diode393,semiconductor-diode
semiconductor-diode394,semiconductor-diode
semiconductor-diode395,semiconductor-diode
semiconductor-diode396,semiconductor-diode
semiconductor-diode397,semiconductor-diode
semiconductor-diode398,semiconductor-diode
semiconductor-diode399,semiconductor-diode
semiconductor-diode400,semiconductor-diode
semiconductor-diode401,semiconductor-diode
semiconductor-diode402,semiconductor-diode
semiconductor-diode403,semiconductor-diode
semiconductor-diode404,semiconductor-diode
semiconductor-diode405,semiconductor-diode
semiconductor-diode406,semiconductor-diode
semiconductor-diode407,semiconductor-diode
semiconductor-diode408,semiconductor-diode
semiconductor-diode409,semiconductor-diode
semiconductor-diode410,semiconductor-diode
semiconductor-diode411,semiconductor-diode
semiconductor-diode412,semiconductor-diode
semiconductor-diode413,semiconductor-diode
semiconductor-diode414,semiconductor-diode
semiconductor-diode415,semiconductor-diode
semiconductor-diode416,semiconductor-diode
semiconductor-diode417,semiconductor-diode
semiconductor-diode418,semiconductor-diode
semiconductor-diode419,semiconductor-diode
semiconductor-diode420,semiconductor-diode
semiconductor-diode421,semiconductor-diode
semiconductor-diode422,semiconductor-diode
semiconductor-diode423,semiconductor-diode
